id;nombre;apellido;correo;numero_telefono;direccion;codigo_postal
1;Buckinghamshire transmitting;multiestado;Queso actitud Account;80795;Pescado;40629
2;connecting system transmitting;Somoni convergence;Aragón Guapo Bedfordshire;87380;Acero Central program;90475
3;open-source Soluciones capacitor;proactive Money morph;withdrawal empower microchip;91382;Bedfordshire Costa navigating;60987
4;Corporativo Investigación Guantes;payment;up;19864;Intuitivo;34320
5;Bricolaje International Perú;bandwidth Grupo;demanda metodologías;66560;Refinado online bypassing;83512
6;invoice;Comunidad;Perseverando Técnico;49226;Sorprendente;46174
7;customized;withdrawal Vía;Mascotas Gourde;76328;Videojuegos North withdrawal;79357
8;grow;Borders Gorro web-readiness;e-services generación optical;20733;invoice pixel Asimilado;87064
9;transparent Iran Canarias;THX;Comunidad Account Compartible;39935;markets Credit;66937
10;firewall backing;alto;Mancha Sabroso;1883;e-services;47145
